                  epoch,         train/box_loss,         train/cls_loss,         train/dfl_loss,   metrics/precision(B),      metrics/recall(B),       metrics/mAP50(B),    metrics/mAP50-95(B),           val/box_loss,           val/cls_loss,           val/dfl_loss,                 lr/pg0,                 lr/pg1,                 lr/pg2
                      1,                 1.1638,                0.61027,                0.97793,                0.73817,                0.69093,                0.71626,                0.40477,                 1.2401,                 0.6162,                0.98903,             0.00022216,             0.00022216,             0.00022216
                      2,                 1.1808,                 0.6302,                0.98257,                0.83354,                0.60106,                0.69105,                0.38164,                 1.2798,                0.65893,                 1.0049,             0.00035649,             0.00035649,             0.00035649
                      3,                 1.1898,                0.63698,                0.98486,                0.85841,                0.62963,                0.74655,                0.41486,                 1.2472,                0.64532,                 0.9957,             0.00040277,             0.00040277,             0.00040277
                      4,                 1.1732,                0.62127,                0.97927,                0.77987,                0.65977,                0.72725,                0.41624,                 1.2233,                0.60944,                0.98903,              0.0002708,              0.0002708,              0.0002708
                      5,                 1.1439,                0.59664,                 0.9719,                0.81077,                 0.6947,                0.74956,                0.43577,                 1.1816,                0.57635,                0.97262,             0.00013874,             0.00013874,             0.00013874
